<metadata xml:lang="pl"><Esri><CreaDate>20140411</CreaDate><CreaTime>21244500</CreaTime><ArcGISFormat>1.0</ArcGISFormat><SyncOnce>TRUE</SyncOnce><ModDate>20150724</ModDate><ModTime>12274600</ModTime><scaleRange><minScale>150000000</minScale><maxScale>5000</maxScale></scaleRange><ArcGISProfile>ItemDescription</ArcGISProfile></Esri><dataIdInfo><idCitation><resTitle>Contrast Metrics</resTitle></idCitation><idAbs>&lt;DIV STYLE="text-align:Left;"&gt;&lt;DIV&gt;&lt;DIV&gt;&lt;P&gt;&lt;SPAN&gt;Calculates:&lt;/SPAN&gt;&lt;/P&gt;&lt;UL&gt;&lt;LI&gt;&lt;P&gt;&lt;SPAN STYLE="font-weight:bold;"&gt;Edge L&lt;/SPAN&gt;&lt;SPAN STYLE="font-weight:bold;"&gt;ength&lt;/SPAN&gt;&lt;SPAN STYLE="font-weight:bold;"&gt;(EL)&lt;/SPAN&gt;&lt;SPAN&gt;of &lt;/SPAN&gt;&lt;SPAN&gt;a selected focus class &lt;/SPAN&gt;&lt;SPAN&gt;shar&lt;/SPAN&gt;&lt;SPAN&gt;ing a &lt;/SPAN&gt;&lt;SPAN&gt;boundar&lt;/SPAN&gt;&lt;SPAN&gt;y&lt;/SPAN&gt;&lt;SPAN&gt; &lt;/SPAN&gt;&lt;SPAN&gt;with &lt;/SPAN&gt;&lt;SPAN&gt;corresponding &lt;/SPAN&gt;&lt;SPAN&gt;contrast classes&lt;/SPAN&gt;&lt;SPAN&gt;(calculated per class)&lt;/SPAN&gt;&lt;SPAN&gt;.&lt;/SPAN&gt;&lt;/P&gt;&lt;/LI&gt;&lt;LI&gt;&lt;P&gt;&lt;SPAN STYLE="font-weight:bold;"&gt;Contrast Class Edge (CCE)&lt;/SPAN&gt;&lt;SPAN&gt; &lt;/SPAN&gt;&lt;SPAN&gt;- percentage of edge length of the focus class shared with contrast classes.&lt;/SPAN&gt;&lt;/P&gt;&lt;/LI&gt;&lt;/UL&gt;&lt;P&gt;&lt;SPAN&gt;Outputs&lt;/SPAN&gt;&lt;SPAN&gt;:&lt;/SPAN&gt;&lt;/P&gt;&lt;UL&gt;&lt;LI&gt;&lt;P&gt;&lt;SPAN STYLE="font-style:italic;"&gt;el_a_class&lt;/SPAN&gt;&lt;SPAN&gt;- edge length of focus class&lt;/SPAN&gt;&lt;SPAN /&gt;&lt;/P&gt;&lt;/LI&gt;&lt;LI&gt;&lt;P&gt;&lt;SPAN STYLE="font-style:italic;"&gt;el&amp;lt;className&amp;gt;&lt;/SPAN&gt;&lt;SPAN&gt;- edge length of focus class boundary shared with contrast class/es&lt;/SPAN&gt;&lt;SPAN /&gt;&lt;/P&gt;&lt;/LI&gt;&lt;LI&gt;&lt;P&gt;&lt;SPAN STYLE="font-style:italic;"&gt;c&lt;/SPAN&gt;&lt;SPAN STYLE="font-style:italic;"&gt;ce&lt;/SPAN&gt;&lt;SPAN STYLE="font-style:italic;"&gt;&amp;lt;className&amp;gt;&lt;/SPAN&gt;&lt;SPAN&gt;- contrast index calculated as percentage of edge length of focus class shared with contrast classes&lt;/SPAN&gt;&lt;/P&gt;&lt;/LI&gt;&lt;/UL&gt;&lt;/DIV&gt;&lt;/DIV&gt;&lt;/DIV&gt;</idAbs><searchKeys><keyword>Contrast Class Edge Index</keyword><keyword>CCE</keyword><keyword>Edge Length</keyword><keyword>metrics</keyword></searchKeys></dataIdInfo><distInfo><distributor><distorFormat><formatName>ArcToolbox Tool</formatName></distorFormat></distributor></distInfo><tool name="ContrastMetricsTool" displayname="Contrast Metrics" toolboxalias="" xmlns=""><parameters><param name="in_area" displayname="Input layer" type="Required" direction="Input" datatype="Feature Layer" expression="in_area"><dialogReference>&lt;DIV STYLE="text-align:Left;"&gt;&lt;P&gt;&lt;SPAN&gt;A &lt;/SPAN&gt;&lt;SPAN&gt;l&lt;/SPAN&gt;&lt;SPAN&gt;ayer with categorical values for which landscape metrics will be calculated&lt;/SPAN&gt;&lt;SPAN&gt;.&lt;/SPAN&gt;&lt;/P&gt;&lt;/DIV&gt;</dialogReference></param><param name="stat_layer" displayname="Statistical layer" type="Required" direction="Input" datatype="Feature Layer" expression="stat_layer"><dialogReference>&lt;DIV STYLE="text-align:Left;"&gt;&lt;DIV&gt;&lt;DIV&gt;&lt;P&gt;&lt;SPAN&gt;A &lt;/SPAN&gt;&lt;SPAN&gt;layer with statistical zones within which the metrics are calculated (e.g. hexagons, pies, administrative units&lt;/SPAN&gt;&lt;SPAN&gt;, watersheds&lt;/SPAN&gt;&lt;SPAN&gt;)&lt;/SPAN&gt;&lt;SPAN&gt;.&lt;/SPAN&gt;&lt;/P&gt;&lt;/DIV&gt;&lt;/DIV&gt;&lt;/DIV&gt;</dialogReference></param><param name="class_field" displayname="Class Field" type="Required" direction="Input" datatype="Field" expression="class_field"><dialogReference>&lt;DIV STYLE="text-align:Left;"&gt;&lt;DIV&gt;&lt;DIV&gt;&lt;P&gt;&lt;SPAN&gt;Name of field containing classes for which metrics calculations will be performed.&lt;/SPAN&gt;&lt;/P&gt;&lt;/DIV&gt;&lt;/DIV&gt;&lt;/DIV&gt;</dialogReference></param><param name="analyzed_class" displayname="Analyzed class" type="Required" direction="Input" datatype="String" expression="analyzed_class"><dialogReference>&lt;DIV STYLE="text-align:Left;"&gt;&lt;DIV&gt;&lt;DIV&gt;&lt;P&gt;&lt;SPAN&gt;Analyzed c&lt;/SPAN&gt;&lt;SPAN&gt;lass for which the land cover contrast is &lt;/SPAN&gt;&lt;SPAN&gt;calculated.&lt;/SPAN&gt;&lt;/P&gt;&lt;/DIV&gt;&lt;/DIV&gt;&lt;/DIV&gt;</dialogReference></param><param name="class_list" displayname="Contrast classes" type="Required" direction="Input" datatype="Multiple Value" expression="class_list;class_list..."><dialogReference>&lt;DIV STYLE="text-align:Left;"&gt;&lt;DIV&gt;&lt;DIV&gt;&lt;P&gt;&lt;SPAN&gt;Selection of specific &lt;/SPAN&gt;&lt;SPAN&gt;contrast &lt;/SPAN&gt;&lt;SPAN&gt;classes for which&lt;/SPAN&gt;&lt;SPAN&gt; contrast index will be calculated.&lt;/SPAN&gt;&lt;/P&gt;&lt;/DIV&gt;&lt;/DIV&gt;&lt;/DIV&gt;</dialogReference></param></parameters><summary>&lt;DIV STYLE="text-align:Left;"&gt;&lt;DIV&gt;&lt;DIV&gt;&lt;P&gt;&lt;SPAN&gt;Calculates:&lt;/SPAN&gt;&lt;/P&gt;&lt;UL&gt;&lt;LI&gt;&lt;P&gt;&lt;SPAN STYLE="font-weight:bold;"&gt;Edge L&lt;/SPAN&gt;&lt;SPAN STYLE="font-weight:bold;"&gt;ength&lt;/SPAN&gt;&lt;SPAN STYLE="font-weight:bold;"&gt;(EL)&lt;/SPAN&gt;&lt;SPAN&gt;of &lt;/SPAN&gt;&lt;SPAN&gt;a selected focus class &lt;/SPAN&gt;&lt;SPAN&gt;shar&lt;/SPAN&gt;&lt;SPAN&gt;ing a &lt;/SPAN&gt;&lt;SPAN&gt;boundar&lt;/SPAN&gt;&lt;SPAN&gt;y&lt;/SPAN&gt;&lt;SPAN&gt; &lt;/SPAN&gt;&lt;SPAN&gt;with &lt;/SPAN&gt;&lt;SPAN&gt;corresponding &lt;/SPAN&gt;&lt;SPAN&gt;contrast classes&lt;/SPAN&gt;&lt;SPAN&gt;(calculated per class)&lt;/SPAN&gt;&lt;SPAN&gt;.&lt;/SPAN&gt;&lt;/P&gt;&lt;/LI&gt;&lt;LI&gt;&lt;P&gt;&lt;SPAN STYLE="font-weight:bold;"&gt;Contrast Class Edge (CCE)&lt;/SPAN&gt;&lt;SPAN&gt; &lt;/SPAN&gt;&lt;SPAN&gt;- percentage of edge length of the focus class shared with contrast classes.&lt;/SPAN&gt;&lt;/P&gt;&lt;/LI&gt;&lt;/UL&gt;&lt;P&gt;&lt;SPAN&gt;Outputs&lt;/SPAN&gt;&lt;SPAN&gt;:&lt;/SPAN&gt;&lt;/P&gt;&lt;UL&gt;&lt;LI&gt;&lt;P&gt;&lt;SPAN STYLE="font-style:italic;"&gt;el_a_class&lt;/SPAN&gt;&lt;SPAN&gt;- edge length of focus class&lt;/SPAN&gt;&lt;SPAN /&gt;&lt;/P&gt;&lt;/LI&gt;&lt;LI&gt;&lt;P&gt;&lt;SPAN STYLE="font-style:italic;"&gt;el&amp;lt;className&amp;gt;&lt;/SPAN&gt;&lt;SPAN&gt;- edge length of focus class boundary shared with contrast class/es&lt;/SPAN&gt;&lt;SPAN /&gt;&lt;/P&gt;&lt;/LI&gt;&lt;LI&gt;&lt;P&gt;&lt;SPAN STYLE="font-style:italic;"&gt;c&lt;/SPAN&gt;&lt;SPAN STYLE="font-style:italic;"&gt;ce&lt;/SPAN&gt;&lt;SPAN STYLE="font-style:italic;"&gt;&amp;lt;className&amp;gt;&lt;/SPAN&gt;&lt;SPAN&gt;- contrast index calculated as percentage of edge length of focus class shared with contrast classes&lt;/SPAN&gt;&lt;/P&gt;&lt;/LI&gt;&lt;/UL&gt;&lt;/DIV&gt;&lt;/DIV&gt;&lt;/DIV&gt;</summary><arcToolboxHelpPath>c:\program files (x86)\arcgis\desktop10.3\Help\gp</arcToolboxHelpPath></tool><mdHrLv><ScopeCd value="005"/></mdHrLv></metadata>
