<metadata xml:lang="pl"><Esri><CreaDate>20140411</CreaDate><CreaTime>21162000</CreaTime><ArcGISFormat>1.0</ArcGISFormat><SyncOnce>TRUE</SyncOnce><ModDate>20150312</ModDate><ModTime>20152300</ModTime><scaleRange><minScale>150000000</minScale><maxScale>5000</maxScale></scaleRange><ArcGISProfile>ItemDescription</ArcGISProfile></Esri><dataIdInfo><idCitation><resTitle>Edge Metrics</resTitle></idCitation><idAbs>&lt;DIV STYLE="text-align:Left;"&gt;&lt;DIV&gt;&lt;DIV&gt;&lt;P&gt;&lt;SPAN&gt;Calculates&lt;/SPAN&gt;&lt;SPAN&gt;:&lt;/SPAN&gt;&lt;/P&gt;&lt;UL&gt;&lt;LI&gt;&lt;P&gt;&lt;SPAN STYLE="font-weight:bold;"&gt;Class Edge lenght (T&lt;/SPAN&gt;&lt;SPAN STYLE="font-weight:bold;"&gt;C&lt;/SPAN&gt;&lt;SPAN STYLE="font-weight:bold;"&gt;E) &lt;/SPAN&gt;&lt;SPAN&gt;for &lt;/SPAN&gt;&lt;SPAN&gt;edges of all&lt;/SPAN&gt;&lt;SPAN&gt;patches of selected class&lt;/SPAN&gt;&lt;SPAN&gt;(es) (aggregated)&lt;/SPAN&gt;&lt;SPAN&gt;within the statistical zone&lt;/SPAN&gt;&lt;SPAN&gt;.&lt;/SPAN&gt;&lt;/P&gt;&lt;/LI&gt;&lt;LI&gt;&lt;P&gt;&lt;SPAN STYLE="font-weight:bold;"&gt;Edge Density (ED)-&lt;/SPAN&gt;&lt;SPAN&gt;length of the edges within the statistical zone per area defined by the user (1 000 ha is the default setting).&lt;/SPAN&gt;&lt;/P&gt;&lt;/LI&gt;&lt;/UL&gt;&lt;P&gt;&lt;SPAN&gt;Outputs&lt;/SPAN&gt;&lt;SPAN&gt;:&lt;/SPAN&gt;&lt;/P&gt;&lt;UL&gt;&lt;LI&gt;&lt;P&gt;&lt;SPAN STYLE="font-style:italic;"&gt;tc_edge &lt;/SPAN&gt;&lt;SPAN&gt;- length of edges of all patches in selected classes within the statistical zone&lt;/SPAN&gt;&lt;/P&gt;&lt;/LI&gt;&lt;LI&gt;&lt;P&gt;&lt;SPAN STYLE="font-style:italic;"&gt;ed&lt;/SPAN&gt;&lt;SPAN&gt;- edge density&lt;/SPAN&gt;&lt;/P&gt;&lt;/LI&gt;&lt;/UL&gt;&lt;P&gt;&lt;SPAN /&gt;&lt;/P&gt;&lt;/DIV&gt;&lt;/DIV&gt;&lt;/DIV&gt;</idAbs><searchKeys><keyword>class edge</keyword><keyword>edge</keyword><keyword>metrics</keyword><keyword>tce</keyword></searchKeys></dataIdInfo><distInfo><distributor><distorFormat><formatName>ArcToolbox Tool</formatName></distorFormat></distributor></distInfo><tool name="EdgeMetricsTool" displayname="Edge Metrics" toolboxalias="" xmlns=""><parameters><param name="in_area" displayname="Input layer" type="Required" direction="Input" datatype="Feature Layer" expression="in_area"><dialogReference>&lt;DIV STYLE="text-align:Left;"&gt;&lt;P&gt;&lt;SPAN&gt;A &lt;/SPAN&gt;&lt;SPAN&gt;l&lt;/SPAN&gt;&lt;SPAN&gt;ayer with categorical values for which landscape metrics will be calculated&lt;/SPAN&gt;&lt;SPAN&gt;.&lt;/SPAN&gt;&lt;/P&gt;&lt;/DIV&gt;</dialogReference></param><param name="stat_layer" displayname="Statistical layer" type="Required" direction="Input" datatype="Feature Layer" expression="stat_layer"><dialogReference>&lt;DIV STYLE="text-align:Left;"&gt;&lt;DIV&gt;&lt;DIV&gt;&lt;P&gt;&lt;SPAN&gt;A &lt;/SPAN&gt;&lt;SPAN&gt;layer with statistical zones within which the metrics are calculated (e.g. hexagons, pies, administrative units&lt;/SPAN&gt;&lt;SPAN&gt;, watersheds&lt;/SPAN&gt;&lt;SPAN&gt;)&lt;/SPAN&gt;&lt;SPAN&gt;.&lt;/SPAN&gt;&lt;/P&gt;&lt;/DIV&gt;&lt;/DIV&gt;&lt;/DIV&gt;</dialogReference></param><param name="class_field" displayname="Class Field" type="Required" direction="Input" datatype="Field" expression="class_field"><dialogReference>&lt;DIV STYLE="text-align:Left;"&gt;&lt;DIV&gt;&lt;DIV&gt;&lt;P&gt;&lt;SPAN&gt;Name of field containing classes for which metrics calculations will be performed.&lt;/SPAN&gt;&lt;/P&gt;&lt;/DIV&gt;&lt;/DIV&gt;&lt;/DIV&gt;</dialogReference></param><param name="class_list" displayname="Classes" type="Optional" direction="Input" datatype="Multiple Value" expression="{class_list;class_list...}"><dialogReference>&lt;DIV STYLE="text-align:Left;"&gt;&lt;DIV&gt;&lt;DIV&gt;&lt;P&gt;&lt;SPAN&gt;Selection of specific classes for which metrics calculations will be performed. If nothing is selected metrics will be calculated for all classes.&lt;/SPAN&gt;&lt;/P&gt;&lt;/DIV&gt;&lt;/DIV&gt;&lt;/DIV&gt;</dialogReference></param><param name="density_area" displayname="Density area (ha)" type="Required" direction="Input" datatype="Long" expression="density_area"><dialogReference>&lt;DIV STYLE="text-align:Left;"&gt;&lt;DIV&gt;&lt;P&gt;&lt;SPAN&gt;Area (in hectares) for calculation of the Edge Density Index.&lt;/SPAN&gt;&lt;/P&gt;&lt;/DIV&gt;&lt;/DIV&gt;</dialogReference></param></parameters><summary>&lt;DIV STYLE="text-align:Left;"&gt;&lt;DIV&gt;&lt;DIV&gt;&lt;P&gt;&lt;SPAN&gt;Calculates&lt;/SPAN&gt;&lt;SPAN&gt;:&lt;/SPAN&gt;&lt;/P&gt;&lt;UL&gt;&lt;LI&gt;&lt;P&gt;&lt;SPAN STYLE="font-weight:bold;"&gt;Class Edge lenght (T&lt;/SPAN&gt;&lt;SPAN STYLE="font-weight:bold;"&gt;C&lt;/SPAN&gt;&lt;SPAN STYLE="font-weight:bold;"&gt;E) &lt;/SPAN&gt;&lt;SPAN&gt;for &lt;/SPAN&gt;&lt;SPAN&gt;edges of all&lt;/SPAN&gt;&lt;SPAN&gt;patches of selected class&lt;/SPAN&gt;&lt;SPAN&gt;(es) (aggregated)&lt;/SPAN&gt;&lt;SPAN&gt;within the statistical zone&lt;/SPAN&gt;&lt;SPAN&gt;.&lt;/SPAN&gt;&lt;/P&gt;&lt;/LI&gt;&lt;LI&gt;&lt;P&gt;&lt;SPAN STYLE="font-weight:bold;"&gt;Edge Density (ED)-&lt;/SPAN&gt;&lt;SPAN&gt;length of the edges within the statistical zone per area defined by the user (1 000 ha is the default setting).&lt;/SPAN&gt;&lt;/P&gt;&lt;/LI&gt;&lt;/UL&gt;&lt;P&gt;&lt;SPAN&gt;Outputs&lt;/SPAN&gt;&lt;SPAN&gt;:&lt;/SPAN&gt;&lt;/P&gt;&lt;UL&gt;&lt;LI&gt;&lt;P&gt;&lt;SPAN STYLE="font-style:italic;"&gt;tc_edge &lt;/SPAN&gt;&lt;SPAN&gt;- length of edges of all patches in selected classes within the statistical zone&lt;/SPAN&gt;&lt;/P&gt;&lt;/LI&gt;&lt;LI&gt;&lt;P&gt;&lt;SPAN STYLE="font-style:italic;"&gt;ed&lt;/SPAN&gt;&lt;SPAN&gt;- edge density&lt;/SPAN&gt;&lt;/P&gt;&lt;/LI&gt;&lt;/UL&gt;&lt;P&gt;&lt;SPAN /&gt;&lt;/P&gt;&lt;/DIV&gt;&lt;/DIV&gt;&lt;/DIV&gt;</summary><arcToolboxHelpPath>c:\program files (x86)\arcgis\desktop10.2\Help\gp</arcToolboxHelpPath></tool><mdHrLv><ScopeCd value="005"/></mdHrLv></metadata>
